{"cameraMode":{"drawMode":0,"name":"Shaded","section":"Shading Mode"},"sceneLighting":true,"audioPlay":false,"sceneViewState":{"m_AlwaysRefresh":false,"showFog":true,"showSkybox":true,"showFlares":true,"showImageEffects":true,"showParticleSystems":true,"showVisualEffectGraphs":true,"m_FxEnabled":true},"in2DMode":false,"pivot":{"x":0.03898048400878906,"y":2.2871060371398927,"z":0.5618879795074463},"rotation":{"x":0.42208588123321535,"y":-0.1706904023885727,"z":0.08126107603311539,"w":0.8866328597068787},"size":3.685152292251587,"orthographic":false}